baudge,baudge_614.wav,baudge.i_618.wav,baudge.z_616.wav,bɑdʒ,dodge,botch,has the sound of the 'g' in 'dodge',has the sound of the 'ch' in 'botch',dog,dig,has the vowel sound of 'dog',has the vowel sound of 'dig',filler,dʒ,mono,ɑ,1,0,B AA D ZH
chox,chox_710.wav,chox.i_504.wav,chox.s_714.wav,ʧɑks,example,explain,has the sound of the 'x' in 'example',has the sound of the 'x' in 'explain',bock,beak,has the vowel sound of 'bock',has the vowel sound of 'beak',filler,s,mono,ɑ,1,k,CH AA K S
snox,snox_300.wav,snox.i_304.wav,snox.s_302.wav,snɑks,example,explain,has the sound of the 'x' in 'example',has the sound of the 'x' in 'explain',clock,cloak,has the vowel sound of 'clock',has the vowel sound of 'cloak',filler,s,mono,ɑ,1,k,S N AA K S
kinfax,kinfax_1742.wav,kinfax.i_1782.wav,kinfax.s_1762.wav,kənfæks,,,,,whack,heck,has the vowel sound of 'whack',has the vowel sound of 'heck',filler,s,iamb,æ,1,k,K IH N F AE K S
zan,zan_7102.wav,zan.i_7142.wav,zan.s_7122.wav,zæn,dessert,miss,has the sound of the 'ss' in 'dessert',has the sound of the 'ss' in 'miss',tan,ten,has the vowel sound of 'tan',has the vowel sound of 'ten',filler,z,mono,æ,2,0,Z AE N
ridus,ridus_402.wav,ridus.i_4722.wav,ridus.s_4682.wav,raɪdəs,,,,,sky,school,has the vowel sound of 'sky',has the vowel sound of 'school',filler,s,trochee,aɪ,1,0,R IH D IH S
dow,dow_128.wav,dow.i_1983.wav,dow.s_132.wav,daʊ,hard,heart,has the sound of the 'd' in 'hard',has the sound of the 't' in 'heart',south,cloak,has the vowel sound of 'south',has the vowel sound of 'cloak',filler,aʊ,mono,aʊ,2,0,D AW
terum,terum_2342.wav,terum.i_2382.wav,terum.s_2362.wav,teɹəm,drip,trip,has the sound of the 'd' in 'drip',has the sound of the 't' in 'trip',stare,storm,has the vowel sound of 'stare',has the vowel sound of 'storm',filler,m,trochee,e,2,0,T EY R IH M
cresson,cresson_7402.wav,cresson.i_7442.wav,cresson.s_7422.wav,krɛsən,dessert,miss,has the sound of the 'ss' in 'dessert',has the sound of the 'ss' in 'miss',heck,pack,has the vowel sound of 'heck',has the vowel sound of 'pack',filler,l,trochee,ɛ,1,0,K R EH S IH N
sentum,sentum_6502.wav,sentum.i_6542.wav,sentum.s_6522.wav,sɛntəm,panda,phantom,has the sound of the 'd' in 'panda',has the sound of the 't' in 'phantom',Lent,lyric,has the vowel sound of 'Lent',has the vowel sound of 'lyric',filler,m,trochee,ɛ,1,0,S EH N T IH M
yorex,yorex_312.wav,yorex.i_316.wav,yorex.s_314.wav,joɹəks,,,,,specs,spork,has the vowel sound of 'specs',has the vowel sound of 'spork',filler,s,trochee,ɛ,1,k,Y OW R IH K S
jedex,jedex_562.wav,jedex.i_486.wav,jedex.s_602.wav,dʒɛdəks,,,,,Czech,chick,has the vowel sound of 'Czech',has the vowel sound of 'chick',filler,s,trochee,ɛ,1,k,D ZH EH D IH K S
morex,morex_3942.wav,morex.i_543.wav,morex.s_563.wav,məɹɛks,,,,,mesh,stash,has the vowel sound of 'mesh',has the vowel sound of 'stash',filler,s,iamb,ɛ,1,k,M IH R EH K S
sulade,sulade_324.wav,sulade.i_328.wav,sulade.s_326.wav,səleɪd,chard,chart,has the sound of the 'd' in 'chard',has the sound of the 't' in 'chart',haze,sneeze,has the vowel sound of 'haze',has the vowel sound of 'sneeze',filler,d,iamb,eɪ,2,0,S IH L EY D
venside,venside_5282.wav,venside.i_5322.wav,venside.s_5302.wav,ənseɪd,chard,chart,has the sound of the 'd' in 'chard',has the sound of the 't' in 'chart',safe,scythe,has the vowel sound of 'safe',has the vowel sound of 'scythe',filler,d,iamb,eɪ,2,0,IH N S EY D
pharon,pharon_374.wav,pharon.i_382.wav,pharon.s_380.wav,feɪɹən,Stephen,orphan,has the sound of the 'ph' in 'Stephen',has the sound of the 'ph' in 'orphan',mare,more,has the vowel sound of 'mare',has the vowel sound of 'more',filler,ə,trochee,eɪ,2,0,F EY R IH N
bish,bish_438.wav,bish.i_1143.wav,bish.s_440.wav,bɪʃ,measure,russian,has the sound of the 's' in 'measure',has the sound of the 'ss' in 'russian',pict,pact,has the vowel sound of 'pict',has the vowel sound of 'pact',filler,ʃ,mono,ɪ,1,0,B IH SH
krish,krish_418.wav,krish.i_3162.wav,krish.s_3142.wav,kɹɪʃ,measure,russian,has the sound of the 's' in 'measure',has the sound of the 'ss' in 'russian',piss,puss,has the vowel sound of 'piss',has the vowel sound of 'puss',filler,ʃ,mono,ɪ,1,0,K R IH SH
sish,sish_1802.wav,sish.i_1842.wav,sish.s_1822.wav,sɪʃ,measure,russian,has the sound of the 's' in 'measure',has the sound of the 'ss' in 'russian',spit,spurt,has the vowel sound of 'spit',has the vowel sound of 'spurt',filler,ʃ,mono,ɪ,1,0,S IH SH
riba,riba_32.wav,riba.i_34.wav,riba.s_36.wav,ɹibə,herbal,herpes,has the sound of the 'b' in 'herbal',has the sound of the 'p' in 'herpes',sheep,shape,has the vowel sound of 'sheep',has the vowel sound of 'shape',filler,ə,trochee,i,2,0,R IY B IH
teevon,teevon_6982.wav,teevon.i_7002.wav,teevon.s_7022.wav,tivən,drip,trip,has the sound of the 'd' in 'drip',has the sound of the 't' in 'trip',creak,crack,has the vowel sound of 'creak',has the vowel sound of 'crack',filler,l,trochee,i,2,0,T IY V IH N
cretum,cretum_4802.wav,cretum.i_6102.wav,cretum.s_6082.wav,kɹitəm,crow,grow,has the sound of the 'c' in 'crow',has the sound of the 'g' in 'grow',sleek,slake,has the vowel sound of 'sleek',has the vowel sound of 'slake',filler,m,trochee,i,2,0,K R IY T IH M
jellix,jellix_5982.wav,jellix.i_6002.wav,jellix.s_6022.wav,dʒəlɪks,,,,,prick,lax,has the vowel sound of 'prick',has the vowel sound of 'lax',filler,s,iamb,ɪ,1,k,D ZH IH L IH K S
syntus,syntus_383.wav,syntus.i_443.wav,syntus.s_403.wav,sɪntəs,panda,phantom,has the sound of the 'd' in 'panda',has the sound of the 't' in 'phantom',spindle,bundle,has the vowel sound of 'spindle',has the vowel sound of 'bundle',filler,s,trochee,ɪ,1,0,S IH N T IH S
skeer,skeer_256.wav,skeer.i_258.wav,skeer.s_260.wav,skir,dessert,miss,has the sound of the 'ss' in 'dessert',has the sound of the 'ss' in 'miss',creak,crack,has the vowel sound of 'creak',has the vowel sound of 'crack',filler,z,mono,i,2,0,S K IY R
bosum,bosum_330.wav,bosum.i_334.wav,bosum.s_332.wav,boʊzəm,easy,easter,has the sound of the 's' in 'easy',has the sound of the 's' in 'easter',load,loud,has the vowel sound of 'load',has the vowel sound of 'loud',filler,m,trochee,oʊ,2,0,B OW Z IH M
kouse,kouse_1382.wav,kouse.i_1422.wav,kouse.s_1402.wav,kaʊs,crow,grow,has the sound of the 'c' in 'crow',has the sound of the 'g' in 'grow',lout,light,has the vowel sound of 'lout',has the vowel sound of 'light',filler,s,mono,aʊ,2,0,K AW S
trouse,trouse_356.wav,trouse.i_366.wav,trouse.s_358.wav,tɹaʊs,drip,trip,has the sound of the 'd' in 'drip',has the sound of the 't' in 'trip',lout,light,has the vowel sound of 'lout',has the vowel sound of 'light',filler,s,mono,aʊ,2,0,T R AW S
koose,koose_1622.wav,koose.i_1662.wav,koose.s_1642.wav,kus,crow,grow,has the sound of the 'c' in 'crow',has the sound of the 'g' in 'grow',hoot,heat,has the vowel sound of 'hoot',has the vowel sound of 'heat',filler,s,mono,u,2,0,K UW S
toose,toose_1322.wav,toose.i_552.wav,toose.s_550.wav,tus,drip,trip,has the sound of the 'd' in 'drip',has the sound of the 't' in 'trip',hoot,heat,has the vowel sound of 'hoot',has the vowel sound of 'heat',filler,s,mono,u,2,0,T UW S
jonnif,jonnif_444.wav,jonnif.s_446.wav,jonnif.z_5622.wav,dʒɑnəf,dave,jeff,has the sound of the 'v' in 'dave',has the sound of the 'ff' in 'jeff',posh,cash,has the vowel sound of 'cash',has the vowel sound of 'posh',stim,f,trochee,ɑ,2,0,D ZH AA N IH F
hibof,hibof_2402.wav,hibof.s_2442.wav,hibof.z_2422.wav,həbɑf,dove,rough,has the sound of the 'v' in 'dove',has the sound of the 'gh' in 'rough',nosh,bash,has the vowel sound of 'nosh',has the vowel sound of 'bash',stim,f,iamb,ɑ,2,0,HH IH B AA F
wof,wof_632.wav,wof.s_636.wav,wof.z_634.wav,wɑf,of,loft,has the sound of the 'f' in 'of',has the sound of the 'f' in 'loft',boss,bass,has the vowel sound of 'boss',has the vowel sound of 'bass',stim,f,mono,ɑ,2,0,W AA F
tockif,tockif_1343.wav,tockif.s_388.wav,tockif.z_386.wav,tɑkəf,shove,spoof,has the sound of the 'v' in 'shove',has the sound of the 'f' in 'spoof',slosh,cut,has the vowel sound of 'slosh',has the vowel sound of 'cut',stim,f,trochee,ɑ,2,0,T AA K IH F
glinof,glinof_322.wav,glinof.s_362.wav,glinof.z_342.wav,glənɑf,stove,tough,has the sound of the 'v' in 'stove',has the sound of the 'gh' in 'tough',fox,fix,has the vowel sound of 'fix',has the vowel sound of 'fox',stim,f,iamb,ɑ,2,0,G L IH N AA F
smof,smof_236.wav,smof.s_240.wav,smof.z_238.wav,smɑf,weave,carafe,has the sound of the 'v' in 'weave',has the sound of the 'f' in 'carafe',glom,putt,has the vowel sound of 'putt',has the vowel sound of 'glom',stim,f,mono,ɑ,2,0,S M AA F
hockith,hockith_734.wav,hockith.s_736.wav,hockith.z_738.wav,hɑkəθ,either,lethal,has the sound of the 'th' in 'either',has the sound of the 'th' in 'lethal',rocker,booger,has the vowel sound of 'rocker',has the vowel sound of 'booger',stim,θ,trochee,ɑ,2,0,HH AA K IH TH
wath,wath_3242.wav,wath.s_3262.wav,wath.z_3282.wav,wɑθ,either,lethal,has the sound of the 'th' in 'either',has the sound of the 'th' in 'lethal',hot,hard,has the vowel sound of 'hot',has the vowel sound of 'hard',stim,θ,mono,ɑ,2,0,W AA TH
jezoth,jezoth_62.wav,jezoth.s_66.wav,jezoth.z_64.wav,ʤəzɑθ,heather,ether,has the sound of the 'th' in 'heather',has the sound of the 'th' in 'ether',gosh,coach,has the vowel sound of 'gosh',has the vowel sound of 'coach',stim,θ,iamb,ɑ,2,0,JH IH Z AA TH
parth,parth_262.wav,parth.s_302.wav,parth.z_288.wav,pɑɹθ,mother,moth,has the sound of the 'th' in 'mother',has the sound of the 'th' in 'moth',shark,perk,has the vowel sound of 'perk',has the vowel sound of 'shark',stim,θ,mono,ɑ,2,r,P AA R TH
saustith,saustith_82.wav,saustith.s_122.wav,saustith.z_102.wav,sɑstəθ,rather,bathtub,has the sound of the 'th' in 'rather',has the sound of the 'th' in 'bathtub',foster,border,has the vowel sound of 'border',has the vowel sound of 'foster',stim,θ,trochee,ɑ,2,0,S AA S T IH TH
kenath,kenath_488.wav,kenath.s_492.wav,kenath.z_490.wav,kənɑθ,smooth,truth,has the sound of the 'th' in 'smooth',has the sound of the 'th' in 'truth',scotch,hatch,has the vowel sound of 'scotch',has the vowel sound of 'hatch',stim,θ,iamb,ɑ,2,0,K IH N AA TH
pernaff,pernaf_5362.wav,pernaf.s_5402.wav,pernaf.z_5382.wav,pɚnæf,groove,gaffe,has the sound of the 'v' in 'groove',has the sound of the 'ff' in 'gaffe',slap,slope,has the vowel sound of 'slap',has the vowel sound of 'slope',stim,f,iamb,æ,2,0,P ER N AE F
zalf,zalf_318.wav,zalf.s_322.wav,zalf.z_320.wav,zælf,knave,bluff,has the sound of the 'v' in 'knave',has the sound of the 'ff' in 'bluff',gal,gall,has the vowel sound of 'gal',has the vowel sound of 'gall',stim,f,mono,æ,2,l,Z AE L F
buwalf,buwalf_98.wav,buwalf.s_102.wav,buwalf.z_100.wav,bəwælf,live,banff,has the sound of the 'v' in 'live',has the sound of the 'ff' in 'banff',gal,gall,has the vowel sound of 'gal',has the vowel sound of 'gall',stim,f,iamb,æ,2,l,B IH W AE L F
yalmif,yalmif_3882.wav,yalmif.s_3922.wav,yalmif.z_3902.wav,yælməf,rave,safe,has the sound of the 'v' in 'rave',has the sound of the 'f' in 'safe',jazz,fizz,has the vowel sound of 'jazz',has the vowel sound of 'fizz',stim,f,trochee,æ,2,l,y AE L M IH F
jaff,jaf_3602.wav,jaf.s_3642.wav,jaf.z_3622.wav,ʤæf,rove,laugh,has the sound of the 'v' in 'rove',has the sound of the 'gh' in 'laugh',rap,rope,has the vowel sound of 'rap',has the vowel sound of 'rope',stim,f,mono,æ,2,0,JH AE F
shaddef,shaddef_3362.wav,shaddef.s_3382.wav,shaddef.z_3402.wav,ʃædəf,weave,carafe,has the sound of the 'v' in 'weave',has the sound of the 'f' in 'carafe',pal,peel,has the vowel sound of 'pal',has the vowel sound of 'peel',stim,f,trochee,æ,2,0,SH AE D IH F
sisalth,sisalth_650.wav,sisalth.s_654.wav,sisalth.z_652.wav,səsælθ,blather,twelfth,has the sound of the 'th' in 'blather',has the sound of the 'th' in 'twelfth',plaid,plead,has the vowel sound of 'plaid',has the vowel sound of 'plead',stim,θ,iamb,æ,2,l,S IH S AE L TH
nackith,nackith_20.wav,nackith.s_24.wav,nackith.z_22.wav,nækəθ,blather,twelfth,has the sound of the 'th' in 'blather',has the sound of the 'th' in 'twelfth',lad,lead,has the vowel sound of 'lad',has the vowel sound of 'lead',stim,θ,trochee,æ,2,0,N AE K IH TH
krath,krath_668.wav,krath.s_672.wav,krath.z_670.wav,kɹæθ,either,lethal,has the sound of the 'th' in 'either',has the sound of the 'th' in 'lethal',pal,peel,has the vowel sound of 'pal',has the vowel sound of 'peel',stim,θ,mono,æ,2,0,K R AE TH
shekath,shekath_743.wav,shekath.s_783.wav,shekath.z_763.wav,ʃəkæθ,heathen,heathrow,has the sound of the 'th' in 'heathen',has the sound of the 'th' in 'heathrow',slap,slope,has the vowel sound of 'slap',has the vowel sound of 'slope',stim,θ,iamb,æ,2,0,SH IH K AE TH
kalnith,kalnith_1562.wav,kalnith.s_1602.wav,kalnith.z_1582.wav,kælnəθ,rather,bathtub,has the sound of the 'th' in 'rather',has the sound of the 'th' in 'bathtub',rap,reap,has the vowel sound of 'rap',has the vowel sound of 'reap',stim,θ,trochee,æ,2,l,K AE L N IH TH
palth,palth_92.wav,palth.s_594.wav,palth.z_592.wav,pælθ,smooth,truth,has the sound of the 'th' in 'smooth',has the sound of the 'th' in 'truth',patch,porch,has the vowel sound of 'porch',has the vowel sound of 'patch',stim,θ,mono,æ,2,l,P AE L TH
kairif,kairif_4482.wav,kairif.s_4502.wav,kairif.z_4522.wav,kaɪrəf,cove,plaintiff,has the sound of the 'v' in 'cove',has the sound of the 'ff' in 'plaintiff',high,card,has the vowel sound of 'high',has the vowel sound of 'card',stim,f,trochee,aɪ,2,0,K AY R IH F
sebife,sebife_202.wav,sebife.s_222.wav,sebife.z_242.wav,səbaɪf,pave,fluff,has the sound of the 'v' in 'pave',has the sound of the 'ff' in 'fluff',thyme,theme,has the vowel sound of 'thyme',has the vowel sound of 'theme',stim,f,iamb,aɪ,2,0,S IH B AY F
zife,zife_5662.wav,zife.s_5682.wav,zife.z_5702.wav,zaɪf,perv,wolf,has the sound of the 'v' in 'perv',has the sound of the 'f' in 'wolf',nigh,neigh,has the vowel sound of 'nigh',has the vowel sound of 'neigh',stim,f,mono,aɪ,2,0,Z AY F
rylif,rylif_196.wav,rylif.s_200.wav,rylif.z_198.wav,ɹaɪləf,receive,giraffe,has the sound of the 'v' in 'receive',has the sound of the 'ff' in 'giraffe',style,steel,has the vowel sound of 'style',has the vowel sound of 'steel',stim,f,trochee,aɪ,2,0,R AY L IH F
brife,brife_578.wav,brife.s_152.wav,brife.z_150.wav,bɹaɪf,stove,rough,has the sound of the 'v' in 'stove',has the sound of the 'gh' in 'rough',light,eight,has the vowel sound of 'eight',has the vowel sound of 'light',stim,f,mono,aɪ,2,0,B R AY F
zikife,zikife_2522.wav,zikife.s_2562.wav,zikife.z_2542.wav,zəkaɪf,stove,tough,has the sound of the 'v' in 'stove',has the sound of the 'gh' in 'tough',skype,scoop,has the vowel sound of 'scoop',has the vowel sound of 'skype',stim,f,iamb,aɪ,2,0,Z IH K AY F
chyth,chyth_542.wav,chyth.s_546.wav,chyth.z_544.wav,ʧaɪθ,either,lethal,has the sound of the 'th' in 'either',has the sound of the 'th' in 'lethal',mite,moat,has the vowel sound of 'mite',has the vowel sound of 'moat',stim,θ,mono,aɪ,2,0,CH AY TH
dipyth,dipyth_172.wav,dipyth.s_176.wav,dipyth.z_174.wav,dəpaɪθ,heather,ether,has the sound of the 'th' in 'heather',has the sound of the 'th' in 'ether',pry,play,has the vowel sound of 'pry',has the vowel sound of 'play',stim,θ,iamb,aɪ,2,0,D IH P AY TH
hylith,hylith_524.wav,hylith.s_526.wav,hylith.z_528.wav,haɪləθ,mother,moth,has the sound of the 'th' in 'mother',has the sound of the 'th' in 'moth',price,prance,has the vowel sound of 'prance',has the vowel sound of 'price',stim,θ,trochee,aɪ,2,0,HH AY L IH TH
shryth,shryth_3302.wav,shryth.s_3322.wav,shryth.z_3342.wav,ʃɹaɪθ,rather,bathtub,has the sound of the 'th' in 'rather',has the sound of the 'th' in 'bathtub',hype,boost,has the vowel sound of 'hype',has the vowel sound of 'boost',stim,θ,mono,aɪ,2,0,SH R AY TH
pydith,pydith_1883.wav,pydith.s_1903.wav,pydith.z_1923.wav,paɪdəθ,rather,bathtub,has the sound of the 'th' in 'rather',has the sound of the 'th' in 'bathtub',kite,skate,has the vowel sound of 'kite',has the vowel sound of 'skate',stim,θ,trochee,aɪ,2,0,P AY D IH TH
hissyth,hussyth_2042.wav,hussyth.s_2082.wav,hussyth.z_2062.wav,həsaɪθ,smooth,truth,has the sound of the 'th' in 'smooth',has the sound of the 'th' in 'truth',rice,race,has the vowel sound of 'rice',has the vowel sound of 'race',stim,θ,iamb,aɪ,2,0,HH IH S AY TH
petelf,petelf_6922.wav,petelf.s_756.wav,petelf.z_6942.wav,pətɛlf,dave,jeff,has the sound of the 'v' in 'dave',has the sound of the 'ff' in 'jeff',belt,real,has the vowel sound of 'belt',has the vowel sound of 'real',stim,f,iamb,ɛ,1,l,P IH T EH L F
nelgif,nelgif_116.wav,nelgif.s_120.wav,nelgif.z_118.wav,nɛlgəf,dove,rough,has the sound of the 'v' in 'dove',has the sound of the 'gh' in 'rough',spell,shpiel,has the vowel sound of 'spell',has the vowel sound of 'shpiel',stim,f,trochee,ɛ,1,l,N EH L G IH F
wageff,wagef_1703.wav,wagef.s_1723.wav,wagef.z_1743.wav,wəgɛf,grove,steph,has the sound of the 'v' in 'grove',has the sound of the 'ph' in 'steph',bless,bliss,has the vowel sound of 'bless',has the vowel sound of 'bliss',stim,f,iamb,ɛ,1,0,W IH G EH F
yeff,yef_4062.wav,yef.s_4102.wav,yef.z_4082.wav,yɛf,live,banff,has the sound of the 'v' in 'live',has the sound of the 'ff' in 'banff',crept,crypt,has the vowel sound of 'crept',has the vowel sound of 'crypt',stim,f,mono,ɛ,1,0,y EH F
shestef,shestef_722.wav,shestef.s_724.wav,shestef.z_726.wav,ʃɛstəf,wave,skiff,has the sound of the 'v' in 'wave',has the sound of the 'ff' in 'skiff',heck,hock,has the vowel sound of 'heck',has the vowel sound of 'hock',stim,f,trochee,ɛ,1,0,SH EH S T IH F
senf,senf_1982.wav,senf.s_2022.wav,senf.z_2002.wav,sɛnf,weave,carafe,has the sound of the 'v' in 'weave',has the sound of the 'f' in 'carafe',fence,dance,has the vowel sound of 'fence',has the vowel sound of 'dance',stim,f,mono,ɛ,1,n,S EH N F
shenneth,shenneth_4362.wav,shenneth.s_4402.wav,shenneth.z_4382.wav,ʃɛnəθ,blather,twelfth,has the sound of the 'th' in 'blather',has the sound of the 'th' in 'twelfth',dense,dork,has the vowel sound of 'dense',has the vowel sound of 'dork',stim,θ,trochee,ɛ,1,0,SH EH N IH TH
pelth,pelth_2162.wav,pelth.s_2202.wav,pelth.z_2182.wav,pɛlθ,heather,ether,has the sound of the 'th' in 'heather',has the sound of the 'th' in 'ether',belt,real,has the vowel sound of 'belt',has the vowel sound of 'real',stim,θ,mono,ɛ,1,l,P EH L TH
dackelth,dackelth_262.wav,dackelth.s_266.wav,dackelth.z_264.wav,dəkɛlθ,loathing,pithy,has the sound of the 'th' in 'loathing',has the sound of the 'th' in 'pithy',tell,tall,has the vowel sound of 'tell',has the vowel sound of 'tall',stim,θ,iamb,ɛ,1,l,D IH K EH L TH
sketh,sketh_3062.wav,sketh.s_3082.wav,sketh.z_3102.wav,skɛθ,mother,moth,has the sound of the 'th' in 'mother',has the sound of the 'th' in 'moth',Bess,bass,has the vowel sound of 'Bess',has the vowel sound of 'bass',stim,θ,mono,ɛ,1,0,S K EH TH
resteth,resteth_3422.wav,resteth.s_7682.wav,resteth.z_3442.wav,ɹəstɛθ,smooth,truth,has the sound of the 'th' in 'smooth',has the sound of the 'th' in 'truth',step,steep,has the vowel sound of 'step',has the vowel sound of 'steep',stim,θ,iamb,ɛ,1,0,R IH S T EH TH
sengith,sengith_2702.wav,sengith.s_2742.wav,sengith.z_2722.wav,sɛŋgɪθ,weather,bequeath,has the sound of the 'th' in 'weather',has the sound of the 'th' in 'bequeath',head,herd,has the vowel sound of 'head',has the vowel sound of 'herd',stim,θ,trochee,ɛ,1,n,S EH NG G IH TH
sternif,sternif_250.wav,sternif.s_254.wav,sternif.z_252.wav,stɚnəf,crave,riff,has the sound of the 'v' in 'crave',has the sound of the 'ff' in 'riff',sperm,psalm,has the vowel sound of 'sperm',has the vowel sound of 'psalm',stim,f,trochee,ɚ,1,0,S T ER N IH F
kerf,kerf_3802.wav,kerf.s_2223.wav,kerf.z_2203.wav,kɚf,groove,gaffe,has the sound of the 'v' in 'groove',has the sound of the 'ff' in 'gaffe',hearst,feast,has the vowel sound of 'hearst',has the vowel sound of 'feast',stim,f,mono,ɚ,1,0,K ER F
sterf,sterf_6562.wav,sterf.s_6602.wav,sterf.z_6582.wav,stɚf,knave,bluff,has the sound of the 'v' in 'knave',has the sound of the 'ff' in 'bluff',myrtle,maple,has the vowel sound of 'myrtle',has the vowel sound of 'maple',stim,f,mono,ɚ,1,0,S T ER F
shanurf,shanurf_674.wav,shanurf.s_678.wav,shanurf.z_676.wav,ʃənɚf,rave,safe,has the sound of the 'v' in 'rave',has the sound of the 'f' in 'safe',myrtle,maple,has the vowel sound of 'myrtle',has the vowel sound of 'maple',stim,f,iamb,ɚ,1,0,SH IH N ER F
glersif,glersif_274.wav,glersif.s_278.wav,glersif.z_276.wav,glɚsəf,rove,laugh,has the sound of the 'v' in 'rove',has the sound of the 'gh' in 'laugh',turbo,treble,has the vowel sound of 'turbo',has the vowel sound of 'treble',stim,f,trochee,ɚ,1,0,G L ER S IH F
yesturf,yesturf_656.wav,yesturf.s_660.wav,yesturf.z_658.wav,yəstɚf,shove,spoof,has the sound of the 'v' in 'shove',has the sound of the 'f' in 'spoof',bird,beard,has the vowel sound of 'bird',has the vowel sound of 'beard',stim,f,iamb,ɚ,1,0,y IH S T ER F
querth,querth_572.wav,querth.s_454.wav,querth.z_452.wav,kwɚθ,brother,broth,has the sound of the 'th' in 'brother',has the sound of the 'th' in 'broth',hearst,feast,has the vowel sound of 'hearst',has the vowel sound of 'feast',stim,θ,mono,ɚ,1,0,K W ER TH
sakirth,sukirth_1922.wav,sukirth.s_1962.wav,sukirth.z_1942.wav,səkɚθ,heathen,heathrow,has the sound of the 'th' in 'heathen',has the sound of the 'th' in 'heathrow',gurgle,google,has the vowel sound of 'gurgle',has the vowel sound of 'google',stim,θ,iamb,ɚ,1,0,S IH K ER TH
lurbith,lurbith_336.wav,lurbith.s_340.wav,lurbith.z_338.wav,lɚbəθ,heather,ether,has the sound of the 'th' in 'heather',has the sound of the 'th' in 'ether',turbo,treble,has the vowel sound of 'turbo',has the vowel sound of 'treble',stim,θ,trochee,ɚ,1,0,L ER B IH TH
wurgith,wurgith_644.wav,wurgith.s_646.wav,wurgith.z_648.wav,wɚgəθ,leather,wreath,has the sound of the 'th' in 'leather',has the sound of the 'th' in 'wreath',sperm,psalm,has the vowel sound of 'sperm',has the vowel sound of 'psalm',stim,θ,trochee,ɚ,1,0,W ER G IH TH
genurth,genurth_3002.wav,genurth.s_3022.wav,genurth.z_3042.wav,gənɚθ,loathing,pithy,has the sound of the 'th' in 'loathing',has the sound of the 'th' in 'pithy',bird,beard,has the vowel sound of 'bird',has the vowel sound of 'beard',stim,θ,iamb,ɚ,1,0,G IH N ER TH
stirth,stirth_4862.wav,stirth.s_4882.wav,stirth.z_4902.wav,stɚθ,weather,bequeath,has the sound of the 'th' in 'weather',has the sound of the 'th' in 'bequeath',myrtle,maple,has the vowel sound of 'myrtle',has the vowel sound of 'maple',stim,θ,mono,ɚ,1,0,S T ER TH
bafe,bafe_420.wav,bafe.s_424.wav,bafe.z_422.wav,beɪf,crave,riff,has the sound of the 'v' in 'crave',has the sound of the 'ff' in 'riff',trace,rice,has the vowel sound of 'trace',has the vowel sound of 'rice',stim,f,mono,eɪ,2,0,B EY F
sailif,seylif_1463.wav,seylif.s_1503.wav,seylif.z_244.wav,seɪləf,eve,ref,has the sound of the 'v' in 'eve',has the sound of the 'f' in 'ref',sale,sell,has the vowel sound of 'sale',has the vowel sound of 'sell',stim,f,trochee,eɪ,2,0,S EY L IH F
craedef,craedef_740.wav,craedef.s_744.wav,craedef.z_742.wav,kreɪdəf,love,scoff,has the sound of the 'v' in 'love',has the sound of the 'ff' in 'scoff',stage,stooge,has the vowel sound of 'stooge',has the vowel sound of 'stage',stim,f,trochee,eɪ,2,0,K R EY D IH F
melaif,melaif_5722.wav,melaif.s_5742.wav,melaif.z_5762.wav,məleɪf,pelvis,triumph,has the sound of the 'v' in 'pelvis',has the sound of the 'ph' in 'triumph',bass,boss,has the vowel sound of 'boss',has the vowel sound of 'bass',stim,f,iamb,eɪ,2,0,M IH L EY F
tinkafe,tinkafe_6682.wav,tinkafe.s_6722.wav,tinkafe.z_6702.wav,tənkeɪf,perv,wolf,has the sound of the 'v' in 'perv',has the sound of the 'f' in 'wolf',mace,moose,has the vowel sound of 'mace',has the vowel sound of 'moose',stim,f,iamb,eɪ,2,0,T IH N K EY F
mafe,mafe_154.wav,mafe.s_243.wav,mafe.z_223.wav,meɪf,sleeve,sheriff,has the sound of the 'v' in 'sleeve',has the sound of the 'ff' in 'sheriff',sail,seal,has the vowel sound of 'sail',has the vowel sound of 'seal',stim,f,mono,eɪ,2,0,M EY F
teraith,teraith_214.wav,teraith.s_218.wav,teraith.z_216.wav,təɹeɪθ,blather,twelfth,has the sound of the 'th' in 'blather',has the sound of the 'th' in 'twelfth',case,cross,has the vowel sound of 'case',has the vowel sound of 'cross',stim,θ,iamb,eɪ,2,0,T IH R EY TH
hilayth,hullayth_4242.wav,hullayth.s_4282.wav,hullayth.z_4262.wav,həleɪθ,either,lethal,has the sound of the 'th' in 'either',has the sound of the 'th' in 'lethal',mace,moose,has the vowel sound of 'mace',has the vowel sound of 'moose',stim,θ,iamb,eɪ,2,0,HH IH L EY TH
nagith,nagith_680.wav,nagith.s_684.wav,nagith.z_470.wav,neɪgəθ,heather,ether,has the sound of the 'th' in 'heather',has the sound of the 'th' in 'ether',snake,sneak,has the vowel sound of 'snake',has the vowel sound of 'sneak',stim,θ,trochee,eɪ,2,0,N EY G IH TH
smathe,smathe_2882.wav,smathe.s_2922.wav,smathe.z_2902.wav,smeɪθ,mother,moth,has the sound of the 'th' in 'mother',has the sound of the 'th' in 'moth',haze,sneeze,has the vowel sound of 'haze',has the vowel sound of 'sneeze',stim,θ,mono,eɪ,2,0,S M EY TH
spailith,spailith_1202.wav,spailith.s_1242.wav,spailith.z_1222.wav,speɪləθ,rather,bathtub,has the sound of the 'th' in 'rather',has the sound of the 'th' in 'bathtub',dale,dell,has the vowel sound of 'dale',has the vowel sound of 'dell',stim,θ,trochee,eɪ,2,0,S P EY L IH TH
payth,payth_602.wav,payth.s_606.wav,payth.z_604.wav,peɪθ,smooth,truth,has the sound of the 'th' in 'smooth',has the sound of the 'th' in 'truth',safe,scythe,has the vowel sound of 'safe',has the vowel sound of 'scythe',stim,θ,mono,eɪ,2,0,P EY TH
wureef,wureef_6182.wav,wureef.s_6202.wav,wureef.z_6222.wav,wəɹif,cove,plaintiff,has the sound of the 'v' in 'cove',has the sound of the 'ff' in 'plaintiff',quiche,pitch,has the vowel sound of 'quiche',has the vowel sound of 'pitch',stim,f,iamb,i,2,0,W IH R IY F
chiddif,chiddif_4302.wav,chiddif.s_4342.wav,chiddif.z_4322.wav,ʧɪdəf,crave,riff,has the sound of the 'v' in 'crave',has the sound of the 'ff' in 'riff',chick,check,has the vowel sound of 'chick',has the vowel sound of 'check',stim,f,trochee,ɪ,1,0,CH IH D IH F
neshif,neshif_4982.wav,neshif.s_5002.wav,neshif.z_5022.wav,nəʃɪf,dave,jeff,has the sound of the 'v' in 'dave',has the sound of the 'ff' in 'jeff',spit,spurt,has the vowel sound of 'spit',has the vowel sound of 'spurt',stim,f,iamb,ɪ,1,0,N IH SH IH F
kezinf,kezinf_83.wav,kezinf.s_123.wav,kezinf.z_103.wav,kəzɪnf,eve,ref,has the sound of the 'v' in 'eve',has the sound of the 'f' in 'ref',shin,sheen,has the vowel sound of 'shin',has the vowel sound of 'sheen',stim,f,iamb,ɪ,1,n,K IH Z IH N F
weebif,weebif_638.wav,weebif.s_640.wav,weebif.z_1003.wav,wibəf,groove,gaffe,has the sound of the 'v' in 'groove',has the sound of the 'ff' in 'gaffe',creak,crack,has the vowel sound of 'creak',has the vowel sound of 'crack',stim,f,trochee,i,2,0,W IY B IH F
rideef,rideef_268.wav,rideef.s_272.wav,rideef.z_270.wav,ɹədif,grove,steph,has the sound of the 'v' in 'grove',has the sound of the 'ph' in 'steph',quiche,pitch,has the vowel sound of 'quiche',has the vowel sound of 'pitch',stim,f,iamb,i,2,0,R IH D IY F
rilkuf,rilkuf_263.wav,rilkuf.s_30.wav,rilkuf.z_303.wav,rɪlkəf,live,banff,has the sound of the 'v' in 'live',has the sound of the 'ff' in 'banff',silk,hulk,has the vowel sound of 'silk',has the vowel sound of 'hulk',stim,f,trochee,ɪ,1,l,R IH L K IH F
deef,deef_5162.wav,deef.s_5182.wav,deef.z_5202.wav,dif,love,scoff,has the sound of the 'v' in 'love',has the sound of the 'ff' in 'scoff',crease,cross,has the vowel sound of 'crease',has the vowel sound of 'cross',stim,f,mono,i,2,0,D IY F
niff,nif_2462.wav,nif.s_2502.wav,nif.z_2482.wav,nɪf,of,loft,has the sound of the 'f' in 'of',has the sound of the 'f' in 'loft',nix,knack,has the vowel sound of 'nix',has the vowel sound of 'knack',stim,f,mono,ɪ,1,0,N IH F
shilf,shilf_1142.wav,shilf.s_1182.wav,shilf.z_1162.wav,ʃɪlf,pelvis,triumph,has the sound of the 'v' in 'pelvis',has the sound of the 'ph' in 'triumph',spill,spell,has the vowel sound of 'spill',has the vowel sound of 'spell',stim,f,mono,ɪ,1,l,SH IH L F
gleef,gleef_1523.wav,gleef.s_4222.wav,gleef.z_4202.wav,glif,sleeve,sheriff,has the sound of the 'v' in 'sleeve',has the sound of the 'ff' in 'sheriff',sleek,slake,has the vowel sound of 'sleek',has the vowel sound of 'slake',stim,f,mono,i,2,0,G L IY F
piedif,piedif_566.wav,piedif.s_466.wav,piedif.z_568.wav,pidəf,wave,skiff,has the sound of the 'v' in 'wave',has the sound of the 'ff' in 'skiff',sheep,shape,has the vowel sound of 'sheep',has the vowel sound of 'shape',stim,f,trochee,i,2,0,P IY D IH F
dweeth,dweeth_202.wav,dweeth.s_206.wav,dweeth.z_204.wav,dwiθ,brother,broth,has the sound of the 'th' in 'brother',has the sound of the 'th' in 'broth',feet,fate,has the vowel sound of 'feet',has the vowel sound of 'fate',stim,θ,mono,i,2,0,D W IY TH
siltith,siltith_7522.wav,siltith.s_7482.wav,siltith.z_7562.wav,sɪltəθ,brother,broth,has the sound of the 'th' in 'brother',has the sound of the 'th' in 'broth',school,skill,has the vowel sound of 'school',has the vowel sound of 'skill',stim,θ,trochee,ɪ,1,0,S IH L T IH TH
hareeth,hareeth_408.wav,hareeth.s_534.wav,hareeth.z_532.wav,həɹiθ,heathen,heathrow,has the sound of the 'th' in 'heathen',has the sound of the 'th' in 'heathrow',creak,crack,has the vowel sound of 'creak',has the vowel sound of 'crack',stim,θ,iamb,i,2,0,HH IH R IY TH
leeseth,leeseth_722.wav,leeseth.s_742.wav,leeseth.z_762.wav,lisəθ,heathen,heathrow,has the sound of the 'th' in 'heathen',has the sound of the 'th' in 'heathrow',sheep,shape,has the vowel sound of 'sheep',has the vowel sound of 'shape',stim,θ,trochee,i,2,0,L IY S IH TH
bilth,bilth_692.wav,bilth.s_5142.wav,bilth.z_5122.wav,bɪlθ,heather,ether,has the sound of the 'th' in 'heather',has the sound of the 'th' in 'ether',pict,pact,has the vowel sound of 'pict',has the vowel sound of 'pact',stim,θ,mono,ɪ,1,l,B IH L TH
ristilth,ristilth_4422.wav,ristilth.s_4462.wav,ristilth.z_4442.wav,rəstɪlθ,leather,wreath,has the sound of the 'th' in 'leather',has the sound of the 'th' in 'wreath',skill,school,has the vowel sound of 'school',has the vowel sound of 'skill',stim,θ,iamb,ɪ,1,0,R IH S T IH L TH
lith,lith_160.wav,lith.s_164.wav,lith.z_162.wav,lɪθ,leather,wreath,has the sound of the 'th' in 'leather',has the sound of the 'th' in 'wreath',pict,pact,has the vowel sound of 'pict',has the vowel sound of 'pact',stim,θ,mono,ɪ,1,0,L IH TH
beeth,beeth_5782.wav,beeth.s_5822.wav,beeth.z_5802.wav,biθ,loathing,pithy,has the sound of the 'th' in 'loathing',has the sound of the 'th' in 'pithy',sleek,slake,has the vowel sound of 'sleek',has the vowel sound of 'slake',stim,θ,mono,i,2,0,B IY TH
reecrith,reecrith_1583.wav,reecrith.s_42.wav,reecrith.z_40.wav,ɹikrəθ,loathing,pithy,has the sound of the 'th' in 'loathing',has the sound of the 'th' in 'pithy',creak,crack,has the vowel sound of 'creak',has the vowel sound of 'crack',stim,θ,trochee,i,2,0,R IY K R IH TH
zuzzeeth,zuzzeeth_4122.wav,zuzzeeth.s_4162.wav,zuzzeeth.z_4142.wav,zəziθ,mother,moth,has the sound of the 'th' in 'mother',has the sound of the 'th' in 'moth',quiche,pitch,has the vowel sound of 'quiche',has the vowel sound of 'pitch',stim,θ,iamb,i,2,0,Z IH Z IY TH
fiddith,fiddith_224.wav,fiddith.s_346.wav,fiddith.z_344.wav,fɪdəθ,weather,bequeath,has the sound of the 'th' in 'weather',has the sound of the 'th' in 'bequeath',pickle,puzzle,has the vowel sound of 'pickle',has the vowel sound of 'puzzle',stim,θ,trochee,ɪ,1,0,F IH D IH TH
tuspith,tuspith_6742.wav,tuspith.s_6782.wav,tuspith.z_6762.wav,təspɪθ,weather,bequeath,has the sound of the 'th' in 'weather',has the sound of the 'th' in 'bequeath',skip,school,has the vowel sound of 'skip',has the vowel sound of 'school',stim,θ,iamb,ɪ,1,0,T IH S P IH TH
nofe,noaf_4602.wav,noaf.s_4642.wav,noaf.z_4622.wav,noʊf,cove,plaintiff,has the sound of the 'v' in 'cove',has the sound of the 'ff' in 'plaintiff',rogue,rouge,has the vowel sound of 'rogue',has the vowel sound of 'rouge',stim,f,mono,oʊ,2,0,N OW F
sekloaf,sekloaf_3542.wav,sekloaf.s_3582.wav,sekloaf.z_3562.wav,səkloʊf,pave,fluff,has the sound of the 'v' in 'pave',has the sound of the 'ff' in 'fluff',gnome,chime,has the vowel sound of 'gnome',has the vowel sound of 'chime',stim,f,iamb,oʊ,2,0,S IH K L OW F
volif,volif_2282.wav,volif.s_2322.wav,volif.z_2302.wav,voʊləf,perv,wolf,has the sound of the 'v' in 'perv',has the sound of the 'f' in 'wolf',shone,Shane,has the vowel sound of 'shone',has the vowel sound of 'Shane',stim,f,trochee,oʊ,2,0,V OW L IH F
nitoaf,nitoaf_3182.wav,nitoaf.s_3202.wav,nitoaf.z_3222.wav,nətoʊf,rave,safe,has the sound of the 'v' in 'rave',has the sound of the 'f' in 'safe',rogue,rouge,has the vowel sound of 'rogue',has the vowel sound of 'rouge',stim,f,iamb,oʊ,2,0,N IH T OW F
rowf,rowf_596.wav,rowf.s_600.wav,rowf.z_598.wav,ɹoʊf,receive,giraffe,has the sound of the 'v' in 'receive',has the sound of the 'ff' in 'giraffe',mole,mule,has the vowel sound of 'mole',has the vowel sound of 'mule',stim,f,mono,oʊ,2,0,R OW F
flodaf,floduf_7582.wav,floduf.s_7622.wav,floduf.z_7602.wav,floʊdəf,shove,spoof,has the sound of the 'v' in 'shove',has the sound of the 'f' in 'spoof',hope,hype,has the vowel sound of 'hype',has the vowel sound of 'hope',stim,f,trochee,oʊ,2,0,F L OW D IH F
brelowth,brelowth_104.wav,brelowth.s_108.wav,brelowth.z_106.wav,brəloʊθ,blather,twelfth,has the sound of the 'th' in 'blather',has the sound of the 'th' in 'twelfth',roast,broil,has the vowel sound of 'roast',has the vowel sound of 'broil',stim,θ,iamb,oʊ,2,0,B R IH L OW TH
modith,modith_7042.wav,modith.s_882.wav,modith.z_7082.wav,moʊdəθ,brother,broth,has the sound of the 'th' in 'brother',has the sound of the 'th' in 'broth',road,rude,has the vowel sound of 'road',has the vowel sound of 'rude',stim,θ,trochee,oʊ,2,0,M OW D IH TH
doath,dowth_6122.wav,dowth.s_6162.wav,dowth.z_6142.wav,doʊθ,leather,wreath,has the sound of the 'th' in 'leather',has the sound of the 'th' in 'wreath',nose,news,has the vowel sound of 'nose',has the vowel sound of 'news',stim,θ,mono,oʊ,2,0,D OW TH
choath,choath_44.wav,choath.s_48.wav,choath.z_46.wav,ʧoʊθ,loathing,pithy,has the sound of the 'th' in 'loathing',has the sound of the 'th' in 'pithy',globe,kluge,has the vowel sound of 'globe',has the vowel sound of 'kluge',stim,θ,mono,oʊ,2,0,CH OW TH
rocith,roseth_6302.wav,roseth.s_6342.wav,roseth.z_6362.wav,roʊsəθ,mother,moth,has the sound of the 'th' in 'mother',has the sound of the 'th' in 'moth',strobe,strife,has the vowel sound of 'strobe',has the vowel sound of 'strife',stim,θ,trochee,oʊ,2,0,R OW S IH TH
naboath,nuboath_110.wav,nuboath.s_114.wav,nuboath.z_112.wav,nəboʊθ,weather,bequeath,has the sound of the 'th' in 'weather',has the sound of the 'th' in 'bequeath',spoke,sneak,has the vowel sound of 'spoke',has the vowel sound of 'sneak',stim,θ,iamb,oʊ,2,0,N IH B OW TH
younif,yunif_502.wav,yunif.s_542.wav,yunif.z_522.wav,junəf,love,scoff,has the sound of the 'v' in 'love',has the sound of the 'ff' in 'scoff',crew,crumb,has the vowel sound of 'crew',has the vowel sound of 'crumb',stim,f,trochee,u,2,0,Y UW N IH F
doof,doof_620.wav,doof.s_624.wav,doof.z_622.wav,duf,pave,fluff,has the sound of the 'v' in 'pave',has the sound of the 'ff' in 'fluff',group,hope,has the vowel sound of 'group',has the vowel sound of 'hope',stim,f,mono,u,2,0,D UW F
traloof,traloof_5422.wav,traloof.s_5462.wav,traloof.z_5442.wav,tɹəluf,receive,giraffe,has the sound of the 'v' in 'receive',has the sound of the 'ff' in 'giraffe',Luke,look,has the vowel sound of 'Luke',has the vowel sound of 'look',stim,f,iamb,u,2,0,T R IH L UW F
ruveth,ruveth_1082.wav,ruveth.s_1122.wav,ruveth.z_1102.wav,ruvəθ,brother,broth,has the sound of the 'th' in 'brother',has the sound of the 'th' in 'broth',spoon,spun,has the vowel sound of 'spoon',has the vowel sound of 'spun',stim,θ,trochee,u,2,0,R UW V IH TH
kanuth,kanuth_456.wav,kanuth.s_458.wav,kanuth.z_943.wav,kənuθ,leather,wreath,has the sound of the 'th' in 'leather',has the sound of the 'th' in 'wreath',loom,loam,has the vowel sound of 'loom',has the vowel sound of 'loam',stim,θ,iamb,u,2,0,K IH N UW TH
hooth,hooth_80.wav,hooth.s_84.wav,hooth.z_82.wav,huθ,loathing,pithy,has the sound of the 'th' in 'loathing',has the sound of the 'th' in 'pithy',moon,mane,has the vowel sound of 'moon',has the vowel sound of 'mane',stim,θ,mono,u,2,0,HH UW TH
stookif,stookif_442.wav,stookif.s_503.wav,stookif.z_483.wav,stʊkəf,eve,ref,has the sound of the 'v' in 'eve',has the sound of the 'f' in 'ref',stood,stewed,has the vowel sound of 'stood',has the vowel sound of 'stewed',stim,f,trochee,ʊ,1,0,S T UH K IH F
cloof,cloof_8.wav,cloof.s_12.wav,cloof.z_10.wav,klʊf,rove,laugh,has the sound of the 'v' in 'rove',has the sound of the 'gh' in 'laugh',hood,herd,has the vowel sound of 'hood',has the vowel sound of 'herd',stim,f,mono,ʊ,1,0,K L UH F
stiroof,stiroof_142.wav,stiroof.s_146.wav,stiroof.z_144.wav,stərʊf,sleeve,sheriff,has the sound of the 'v' in 'sleeve',has the sound of the 'ff' in 'sheriff',cook,kook,has the vowel sound of 'cook',has the vowel sound of 'kook',stim,f,iamb,ʊ,1,0,S T IH R UH F
wooketh,wooketh_683.wav,wooketh.s_723.wav,wooketh.z_748.wav,wʊkəθ,either,lethal,has the sound of the 'th' in 'either',has the sound of the 'th' in 'lethal',look,Luke,has the vowel sound of 'look',has the vowel sound of 'Luke',stim,θ,trochee,ʊ,1,0,W UH K IH T HH
pruth,pruth_5542.wav,pruth.s_2023.wav,pruth.z_2043.wav,prʊθ,heathen,heathrow,has the sound of the 'th' in 'heathen',has the sound of the 'th' in 'heathrow',rook,rake,has the vowel sound of 'rook',has the vowel sound of 'rake',stim,θ,mono,ʊ,1,0,P R UH TH
sheduth,sheduth_7342.wav,sheduth.s_630.wav,sheduth.z_628.wav,ʃədʊθ,heathen,heathrow,has the sound of the 'th' in 'heathen',has the sound of the 'th' in 'heathrow',hook,hoax,has the vowel sound of 'hook',has the vowel sound of 'hoax',stim,θ,iamb,ʊ,1,0,SH IH D UH TH
quazuf,quazuf_7162.wav,quazuf.s_7202.wav,quazuf.z_7182.wav,kwəzʌf,dove,rough,has the sound of the 'v' in 'dove',has the sound of the 'gh' in 'rough',rough,rife,has the vowel sound of 'rough',has the vowel sound of 'rife',stim,f,iamb,ʌ,1,0,K W IH Z AH F
brunlif,brunlif_6862.wav,brunlif.s_6902.wav,brunlif.z_6882.wav,brʌnləf,grove,steph,has the sound of the 'v' in 'grove',has the sound of the 'ph' in 'steph',fun,fume,has the vowel sound of 'fun',has the vowel sound of 'fume',stim,f,trochee,ʌ,1,n,B R AH N L IH F
bunf,bunf_584.wav,bunf.s_588.wav,bunf.z_586.wav,bʌnf,knave,bluff,has the sound of the 'v' in 'knave',has the sound of the 'ff' in 'bluff',dunce,dance,has the vowel sound of 'dunce',has the vowel sound of 'dance',stim,f,mono,ʌ,1,n,B AH N F
shuttif,shuttif_494.wav,shuttif.s_496.wav,shuttif.z_498.wav,ʃʌtəf,of,loft,has the sound of the 'f' in 'of',has the sound of the 'f' in 'loft',crud,crowd,has the vowel sound of 'crud',has the vowel sound of 'crowd',stim,f,trochee,ʌ,1,0,SH AH T IH F
nadulf,nadulf_2102.wav,nadulf.s_2122.wav,nadulf.z_5522.wav,nədʌlf,pelvis,triumph,has the sound of the 'v' in 'pelvis',has the sound of the 'ph' in 'triumph',gulp,gape,has the vowel sound of 'gulp',has the vowel sound of 'gape',stim,f,iamb,ʌ,1,l,N IH D AH L F
suff,suf_5902.wav,suf.s_5942.wav,suf.z_5922.wav,sʌf,wave,skiff,has the sound of the 'v' in 'wave',has the sound of the 'ff' in 'skiff',cuss,kiss,has the vowel sound of 'cuss',has the vowel sound of 'kiss',stim,f,mono,ʌ,1,0,S AH F
sulth,sulth_1022.wav,sulth.s_1062.wav,sulth.z_1042.wav,sʌlθ,blather,twelfth,has the sound of the 'th' in 'blather',has the sound of the 'th' in 'twelfth',mulch,milk,has the vowel sound of 'mulch',has the vowel sound of 'milk',stim,θ,mono,ʌ,1,0,S AH L TH
sepulth,sepulth.5042.wav,sepulth.s_5062.wav,sepulth.z_5082.wav,səpʌlθ,brother,broth,has the sound of the 'th' in 'brother',has the sound of the 'th' in 'broth',hulk,freak,has the vowel sound of 'hulk',has the vowel sound of 'freak',stim,θ,iamb,ʌ,1,l,S IH P AH L TH
sistuth,sistuth_1442.wav,sistuth.s_1482.wav,sistuth.z_1462.wav,səstʌθ,leather,wreath,has the sound of the 'th' in 'leather',has the sound of the 'th' in 'wreath',plus,glass,has the vowel sound of 'plus',has the vowel sound of 'glass',stim,θ,iamb,ʌ,1,0,S IH S T AH TH
kuth,kuth_1283.wav,kuth.s_422.wav,kuth.z_402.wav,kʌθ,rather,bathtub,has the sound of the 'th' in 'rather',has the sound of the 'th' in 'bathtub',cut,cute,has the vowel sound of 'cut',has the vowel sound of 'cute',stim,θ,mono,ʌ,1,0,K AH TH
tulpith,tulpith_1163.wav,tulpith.s_1203.wav,tulpith.z_1183.wav,tʌlpəθ,smooth,truth,has the sound of the 'th' in 'smooth',has the sound of the 'th' in 'truth',skull,skill,has the vowel sound of 'skull',has the vowel sound of 'skill',stim,θ,trochee,ʌ,1,l,T AH L P IH TH
juckith,juckith_3742.wav,juckith.s_1783.wav,juckith.z_1803.wav,ʤʌkəθ,weather,bequeath,has the sound of the 'th' in 'weather',has the sound of the 'th' in 'bequeath',Puck,Pike,has the vowel sound of 'Puck',has the vowel sound of 'Pike',stim,θ,trochee,ʌ,1,0,JH AH K IH TH